{"cameraMode":{"drawMode":0,"name":"Shaded","section":"Shading Mode"},"sceneLighting":true,"audioPlay":false,"sceneViewState":{"showFog":true,"showMaterialUpdate":false,"showSkybox":true,"showFlares":true,"showImageEffects":true,"showParticleSystems":true,"showVisualEffectGraphs":true,"m_FxEnabled":true},"in2DMode":false,"pivot":{"x":-58.509002685546878,"y":122.95547485351563,"z":-116.28712463378906},"rotation":{"x":0.014507432468235493,"y":0.31746846437454226,"z":-0.004857928492128849,"w":0.9481481909751892},"size":26.848962783813478,"orthographic":false}