{"Version":0.10000000149011612,"modelFile":"rocket.obj","offset":{"x":0.0,"y":4.949999809265137,"z":0.0},"scale":0.009999999776482582,"color":{"r":255,"g":128,"b":1,"a":255}}